dt,x,y,position,velocity,acceleration,jerk,heading
0.010000,-0.000999,-1.000000,0.000004,0.000800,0.080000,8.000000,6.282187
0.010000,-0.000998,-1.000000,0.000005,0.000080,-0.072016,-15.201597,6.282187
0.010000,-0.000996,-1.000000,0.000007,0.000180,0.009980,8.199605,6.282189
0.010000,-0.000993,-1.000000,0.000010,0.000319,0.013972,0.399216,6.282192
0.010000,-0.000988,-1.000000,0.000015,0.000499,0.017965,0.399236,6.282197
0.010000,-0.000981,-1.000000,0.000022,0.000719,0.021957,0.399269,6.282204
0.010000,-0.000971,-1.000000,0.000032,0.000978,0.025950,0.399318,6.282214
0.010000,-0.000958,-1.000000,0.000045,0.001278,0.029944,0.399386,6.282227
0.010000,-0.000942,-1.000000,0.000061,0.001617,0.033939,0.399476,6.282243
0.010000,-0.000922,-1.000000,0.000081,0.001996,0.037935,0.399592,6.282263
0.010000,-0.000898,-1.000000,0.000105,0.002416,0.041932,0.399737,6.282287
0.010000,-0.000869,-1.000000,0.000134,0.002875,0.045932,0.399913,6.282316
0.010000,-0.000836,-1.000000,0.000167,0.003374,0.049933,0.400125,6.282350
0.010000,-0.000796,-1.000000,0.000206,0.003914,0.053937,0.400375,6.282389
0.010000,-0.000751,-1.000000,0.000251,0.004493,0.057943,0.400667,6.282434
0.010000,-0.000700,-1.000000,0.000302,0.005113,0.061953,0.401004,6.282485
0.010000,-0.000643,-1.000000,0.000360,0.005772,0.065967,0.401388,6.282543
0.010000,-0.000578,-1.000000,0.000425,0.006472,0.069985,0.401824,6.282607
0.010000,-0.000506,-1.000000,0.000497,0.007212,0.074008,0.402315,6.282680
0.010000,-0.000426,-1.000000,0.000577,0.007993,0.078037,0.402863,6.282759
0.010000,-0.000338,-1.000000,0.000665,0.008813,0.082072,0.403472,6.282848
0.010000,-0.000241,-1.000000,0.000762,0.009674,0.086113,0.404146,6.282944
0.010000,-0.000135,-1.000000,0.000868,0.010576,0.090162,0.404887,6.283050
0.010000,-0.000020,-1.000000,0.000983,0.011518,0.094219,0.405700,6.283165
0.010000,0.002206,-1.000000,0.003209,0.222600,21.108207,2101.398739,0.000105
0.010000,0.005046,-0.999999,0.006049,0.284020,6.141964,-1496.624246,0.000240
0.010000,0.008109,-0.999998,0.009112,0.306251,2.223094,-391.887048,0.000386
0.010000,0.011402,-0.999997,0.012405,0.329313,2.306262,8.316861,0.000543
0.010000,0.014934,-0.999995,0.015937,0.353207,2.389322,8.305998,0.000712
0.010000,0.018713,-0.999992,0.019716,0.377929,2.472266,8.294338,0.000892
0.010000,0.022750,-0.999988,0.023753,0.403656,2.572662,10.039669,0.001085
0.010000,0.027053,-0.999983,0.028055,0.430288,2.663191,9.052918,0.001291
0.010000,0.031628,-0.999976,0.032631,0.457518,2.723025,5.983382,0.001509
0.010000,0.036484,-0.999968,0.037486,0.485573,2.805498,8.247270,0.001742
0.010000,0.041628,-0.999959,0.042631,0.514451,2.887810,8.231188,0.001988
0.010000,0.047075,-0.999947,0.048077,0.544661,3.021027,13.321668,0.002249
0.010000,0.052827,-0.999933,0.053830,0.575245,3.058314,3.728725,0.002525
0.010000,0.058893,-0.999917,0.059896,0.606613,3.136803,7.848914,0.002816
0.010000,0.065283,-0.999898,0.066286,0.639033,3.242084,10.528075,0.003123
0.010000,0.072008,-0.999876,0.073011,0.672468,3.343455,10.137088,0.003446
0.010000,0.079071,-0.999851,0.080074,0.706313,3.384467,4.101218,0.003786
0.010000,0.086483,-0.999821,0.087487,0.741231,3.491785,10.731823,0.004143
0.010000,0.094255,-0.999788,0.095259,0.777208,3.597739,10.595409,0.004517
0.010000,0.102391,-0.999749,0.103394,0.813513,3.630497,3.275784,0.004910
0.010000,0.110903,-0.999706,0.111906,0.851234,3.772097,14.159990,0.005321
0.010000,0.119797,-0.999656,0.120800,0.889419,3.818561,4.646443,0.005751
0.010000,0.129082,-0.999601,0.130085,0.928506,3.908602,9.004033,0.006201
0.010000,0.138768,-0.999539,0.139772,0.968674,4.016868,10.826668,0.006671
0.010000,0.148861,-0.999469,0.149865,1.009278,4.060354,4.348605,0.007161
0.010000,0.159373,-0.999391,0.160377,1.051261,4.198359,13.800464,0.007672
0.010000,0.170308,-0.999304,0.171313,1.093541,4.227927,2.956854,0.008205
0.010000,0.181679,-0.999208,0.182684,1.137163,4.362235,13.430729,0.008760
0.010000,0.193492,-0.999101,0.194497,1.181282,4.411882,4.964770,0.009337
0.010000,0.205755,-0.998983,0.206761,1.226359,4.507700,9.581718,0.009937
0.010000,0.218479,-0.998852,0.219486,1.272486,4.612769,10.506907,0.010561
0.010000,0.231668,-0.998709,0.232676,1.319002,4.651513,3.874464,0.011208
0.010000,0.245337,-0.998551,0.246345,1.366962,4.796018,14.450509,0.011881
0.010000,0.259490,-0.998378,0.260500,1.415417,4.845556,4.953756,0.012578
0.010000,0.274135,-0.998188,0.275146,1.464602,4.918449,7.289271,0.013302
0.010000,0.289283,-0.997981,0.290295,1.514985,5.038283,11.983450,0.014051
0.010000,0.304943,-0.997755,0.305957,1.566186,5.120100,8.181689,0.014828
0.010000,0.321122,-0.997508,0.322137,1.618020,5.183391,6.329142,0.015632
0.010000,0.337827,-0.997240,0.338845,1.670749,5.272992,8.960006,0.016465
0.010000,0.355068,-0.996949,0.356089,1.724373,5.362355,8.936376,0.017326
0.010000,0.372857,-0.996633,0.373880,1.779111,5.473766,11.141041,0.018216
0.010000,0.391199,-0.996290,0.392225,1.834523,5.541245,6.747949,0.019137
0.010000,0.410103,-0.995919,0.411133,1.890753,5.623027,8.178134,0.020088
0.010000,0.429577,-0.995519,0.430611,1.947865,5.711153,8.812667,0.021070
0.010000,0.449631,-0.995086,0.450670,2.005854,5.798941,8.778787,0.022085
0.010000,0.470273,-0.994619,0.471317,2.064718,5.886369,8.742763,0.023132
0.010000,0.491511,-0.994116,0.492561,2.124452,5.973414,8.704568,0.024212
0.010000,0.513355,-0.993575,0.514412,2.185053,6.060056,8.664181,0.025327
0.010000,0.535813,-0.992993,0.536877,2.246515,6.146272,8.621580,0.026477
0.010000,0.558893,-0.992368,0.559965,2.308836,6.232039,8.576745,0.027662
0.010000,0.582605,-0.991698,0.583687,2.372174,6.333811,10.177139,0.028884
0.010000,0.606959,-0.990979,0.608051,2.436416,6.424240,9.042932,0.030143
0.010000,0.631960,-0.990209,0.633065,2.501347,6.493057,6.881655,0.031440
0.010000,0.657618,-0.989385,0.658736,2.567116,6.576880,8.382374,0.032775
0.010000,0.683941,-0.988503,0.685074,2.633789,6.667374,9.049344,0.034151
0.010000,0.710943,-0.987562,0.712092,2.701804,6.801444,13.406958,0.035567
0.010000,0.738626,-0.986557,0.739793,2.770122,6.831816,3.037202,0.037025
0.010000,0.767000,-0.985484,0.768188,2.839484,6.936224,10.440864,0.038524
0.010000,0.796079,-0.984341,0.797289,2.910069,7.058487,12.226239,0.040068
0.010000,0.825863,-0.983123,0.827098,2.980907,7.083790,2.530338,0.041655
0.010000,0.856371,-0.981827,0.857633,3.053514,7.260668,17.687804,0.043288
0.010000,0.887601,-0.980448,0.888894,3.126105,7.259082,-0.158555,0.044967
0.010000,0.919572,-0.978982,0.920898,3.200407,7.430224,17.114176,0.046693
0.010000,0.952285,-0.977424,0.953648,3.275032,7.462546,3.232148,0.048468
0.010000,0.985751,-0.975770,0.987155,3.350695,7.566283,10.373722,0.050292
0.010000,1.019982,-0.974015,1.021432,3.427641,7.694592,12.830910,0.052167
0.010000,1.054983,-0.972154,1.056482,3.505050,7.740943,4.635057,0.054093
0.010000,1.090764,-0.970181,1.092317,3.583444,7.839318,9.837554,0.056073
0.010000,1.127333,-0.968091,1.128945,3.662866,7.942251,10.293340,0.058106
0.010000,1.164701,-0.965878,1.166380,3.743417,8.055103,11.285183,0.060196
0.010000,1.202876,-0.963536,1.204626,3.824636,8.121841,6.673801,0.062342
0.010000,1.241865,-0.961059,1.243694,3.906810,8.217454,9.561240,0.064545
0.010000,1.281679,-0.958441,1.283593,3.989933,8.312316,9.486225,0.066809
0.010000,1.322325,-0.955674,1.324333,4.073997,8.406396,9.407957,0.069133
0.010000,1.363812,-0.952751,1.365923,4.158994,8.499660,9.326475,0.071519
0.010000,1.406149,-0.949666,1.408372,4.244915,8.592079,9.241824,0.073970
0.010000,1.449339,-0.946411,1.451685,4.331253,8.633844,4.176589,0.076485
0.010000,1.493371,-0.942980,1.495850,4.416553,8.530022,-10.382271,0.079066
0.010000,1.538236,-0.939365,1.540861,4.501035,8.448182,-8.183932,0.081712
0.010000,1.583925,-0.935561,1.586708,4.584750,8.371509,-7.667329,0.084426
0.010000,1.630436,-0.931560,1.633391,4.668276,8.352544,-1.896557,0.087206
0.010000,1.677753,-0.927355,1.680895,4.750376,8.210073,-14.247098,0.090055
0.010000,1.725873,-0.922939,1.729217,4.832191,8.181443,-2.862973,0.092972
0.010000,1.774784,-0.918305,1.778347,4.913030,8.083907,-9.753546,0.095959
0.010000,1.824481,-0.913445,1.828281,4.993359,8.032952,-5.095545,0.099016
0.010000,1.874950,-0.908352,1.879006,5.072585,7.922549,-11.040332,0.102144
0.010000,1.926191,-0.903017,1.930524,5.151742,7.915704,-0.684480,0.105343
0.010000,1.978188,-0.897433,1.982820,5.229577,7.783511,-13.219328,0.108615
0.010000,2.030933,-0.891592,2.035887,5.306774,7.719716,-6.379451,0.111961
0.010000,2.084421,-0.885486,2.089723,5.383589,7.681446,-3.827033,0.115380
0.010000,2.138642,-0.879106,2.144318,5.459516,7.592736,-8.870993,0.118874
0.010000,2.193587,-0.872444,2.199665,5.534647,7.513074,-7.966189,0.122445
0.010000,2.249245,-0.865492,2.255756,5.609098,7.445115,-6.795860,0.126092
0.010000,2.305609,-0.858241,2.312584,5.682859,7.376154,-6.896090,0.129816
0.010000,2.362670,-0.850681,2.370144,5.755922,7.306218,-6.993615,0.133620
0.010000,2.420418,-0.842805,2.428426,5.828275,7.235335,-7.088335,0.137502
0.010000,2.478844,-0.834602,2.487426,5.899910,7.163533,-7.180149,0.141466
0.010000,2.537938,-0.826064,2.547134,5.970819,7.090844,-7.268958,0.145511
0.010000,2.597692,-0.817182,2.607544,6.041015,7.019599,-7.124510,0.149638
0.010000,2.658098,-0.807945,2.668652,6.110855,6.984055,-3.554384,0.153849
0.010000,2.719144,-0.798344,2.730448,6.179608,6.875283,-10.877174,0.158145
0.010000,2.780819,-0.788370,2.792924,6.247600,6.799206,-7.607735,0.162526
0.010000,2.843116,-0.778012,2.856077,6.315263,6.766293,-3.291292,0.166994
0.010000,2.906024,-0.767261,2.919897,6.382008,6.674512,-9.178070,0.171550
0.010000,2.969532,-0.756106,2.984377,6.447976,6.596826,-7.768598,0.176195
0.010000,3.033632,-0.744537,3.049513,6.513572,6.559555,-3.727071,0.180929
0.010000,3.098311,-0.732545,3.115294,6.578123,6.455082,-10.447308,0.185755
0.010000,3.163560,-0.720117,3.181716,6.642223,6.410018,-4.506400,0.190674
0.010000,3.229369,-0.707244,3.248772,6.705623,6.340021,-6.999759,0.195685
0.010000,3.295724,-0.693915,3.316453,6.768089,6.246621,-9.340023,0.200791
0.010000,3.362619,-0.680118,3.384755,6.830211,6.212133,-3.448791,0.205993
0.010000,3.430040,-0.665844,3.453671,6.891555,6.134449,-7.768374,0.211292
0.010000,3.497975,-0.651081,3.523192,6.952075,6.052019,-8.243016,0.216689
0.010000,3.566413,-0.635817,3.593311,7.011952,5.987700,-6.431869,0.222185
0.010000,3.635343,-0.620043,3.664023,7.071176,5.922314,-6.538561,0.227781
0.010000,3.704752,-0.603745,3.735320,7.129734,5.855881,-6.643376,0.233479
0.010000,3.774630,-0.586913,3.807197,7.187619,5.788418,-6.746224,0.239279
0.010000,3.844963,-0.569535,3.879645,7.244818,5.719948,-6.847022,0.245184
0.010000,3.915739,-0.551600,3.952658,7.301323,5.650491,-6.945688,0.251193
0.010000,3.986945,-0.533096,4.026229,7.357124,5.580070,-7.042149,0.257308
0.010000,4.058568,-0.514011,4.100351,7.412211,5.508707,-7.136338,0.263530
0.010000,4.130595,-0.494334,4.175017,7.466575,5.436425,-7.228195,0.269860
0.010000,4.203010,-0.474052,4.250219,7.520207,5.363248,-7.317666,0.276299
0.010000,4.275804,-0.453154,4.325953,7.573385,5.317710,-4.553759,0.282848
0.010000,4.348959,-0.431628,4.402210,7.625713,5.232825,-8.488567,0.289509
0.010000,4.422461,-0.409463,4.478982,7.677148,5.143525,-8.929947,0.296282
0.010000,4.496298,-0.386645,4.556264,7.728212,5.106414,-3.711102,0.303167
0.010000,4.570453,-0.363164,4.634047,7.778334,5.012129,-9.428527,0.310167
0.010000,4.644910,-0.339008,4.712325,7.827765,4.943178,-6.895054,0.317281
0.010000,4.719655,-0.314164,4.791090,7.876563,4.879771,-6.340729,0.324511
0.010000,4.794671,-0.288622,4.870336,7.924545,4.798220,-8.155151,0.331856
0.010000,4.869942,-0.262369,4.950053,7.971746,4.720071,-7.814874,0.339319
0.010000,4.945453,-0.235394,5.030238,8.018441,4.669508,-5.056297,0.346898
0.010000,5.021184,-0.207687,5.110878,8.064060,4.561890,-10.761751,0.354596
0.010000,5.097119,-0.179235,5.191969,8.109077,4.501686,-6.020392,0.362411
0.010000,5.173243,-0.150027,5.273504,8.153474,4.439729,-6.195777,0.370345
0.010000,5.249534,-0.120052,5.355472,8.196868,4.339347,-10.038185,0.378398
0.010000,5.325976,-0.089301,5.437867,8.239506,4.263799,-7.554826,0.386570
0.010000,5.402549,-0.057762,5.520681,8.281370,4.186470,-7.732816,0.394860
0.010000,5.479234,-0.025425,5.603906,8.322444,4.107360,-7.911028,0.403269
0.010000,5.556012,0.007720,5.687533,8.362715,4.027163,-8.019739,0.411797
0.010000,5.632864,0.041682,5.771555,8.402179,3.946394,-8.076856,0.420443
0.010000,5.709769,0.076471,5.855962,8.440734,3.855413,-9.098142,0.429206
0.010000,5.786706,0.112096,5.940746,8.478437,3.770346,-8.506625,0.438087
0.010000,5.863655,0.148564,6.025899,8.515322,3.688464,-8.188203,0.447084
0.010000,5.940593,0.185885,6.111412,8.551275,3.595315,-9.314927,0.456197
0.010000,6.017501,0.224066,6.197275,8.586313,3.503780,-9.153509,0.465424
0.010000,6.094354,0.263113,6.283480,8.620418,3.410495,-9.328553,0.474765
0.010000,6.171131,0.303034,6.370015,8.653572,3.315469,-9.502509,0.484217
0.010000,6.247810,0.343834,6.456873,8.685759,3.218717,-9.675200,0.493779
0.010000,6.324368,0.385520,6.544044,8.717111,3.135141,-8.357692,0.503451
0.010000,6.400781,0.428096,6.631518,8.747402,3.029160,-10.598045,0.513229
0.010000,6.477026,0.471565,6.719284,8.776592,2.918930,-11.023030,0.523111
0.010000,6.553079,0.515932,6.807332,8.804824,2.823267,-9.566251,0.533096
0.010000,6.628918,0.561199,6.895653,8.832116,2.729183,-9.408467,0.543181
0.010000,6.704516,0.607369,6.984235,8.858140,2.602338,-12.684503,0.553364
0.010000,6.779851,0.654442,7.073067,8.883262,2.512232,-9.010560,0.563640
0.010000,6.854897,0.702420,7.162139,8.907189,2.392717,-11.951477,0.574009
0.010000,6.929631,0.751301,7.251439,8.929989,2.279969,-11.274776,0.584465
0.010000,7.004028,0.801085,7.340956,8.951734,2.174540,-10.542929,0.595007
0.010000,7.078062,0.851769,7.430678,8.972203,2.046896,-12.764413,0.605630
0.010000,7.151712,0.903351,7.520595,8.991626,1.942314,-10.458227,0.616330
0.010000,7.224950,0.955826,7.610692,9.009740,1.811402,-13.091217,0.627104
0.010000,7.297755,1.009190,7.700959,9.026727,1.698665,-11.273617,0.637948
0.010000,7.370100,1.063437,7.791384,9.042448,1.572109,-12.655646,0.648857
0.010000,7.441962,1.118561,7.881953,9.056910,1.446154,-12.595514,0.659827
0.010000,7.513318,1.174553,7.972655,9.070189,1.327904,-11.824982,0.670853
0.010000,7.584143,1.231405,8.063476,9.082088,1.189923,-13.798081,0.681930
0.010000,7.654416,1.289108,8.154404,9.092814,1.072585,-11.733865,0.693055
0.010000,7.724114,1.347651,8.245426,9.102168,0.935400,-13.718463,0.704221
0.010000,7.793213,1.407022,8.336528,9.110216,0.804796,-13.060353,0.715424
0.010000,7.861692,1.467209,8.427698,9.117008,0.679282,-12.551486,0.726658
0.010000,7.929531,1.528199,8.518922,9.122407,0.539840,-13.944194,0.737919
0.010000,7.996708,1.589978,8.610187,9.126500,0.409292,-13.054782,0.749201
0.010000,8.063203,1.652529,8.701479,9.129266,0.276635,-13.265644,0.760498
0.010000,8.128997,1.715838,8.792786,9.130666,0.139990,-13.664576,0.771805
0.010000,8.194075,1.779891,8.884098,9.131191,0.052520,-8.746985,0.783117
0.010000,8.258425,1.844677,8.975411,9.131277,0.008629,-4.389033,0.794431
0.010000,8.322035,1.910183,9.066720,9.130934,-0.034366,-4.299504,0.805741
0.010000,8.384892,1.976397,9.158018,9.129766,-0.116785,-8.241930,0.817042
0.010000,8.446981,2.043298,9.249291,9.127318,-0.244849,-12.806416,0.828330
0.010000,8.508286,2.110867,9.340527,9.123554,-0.376357,-13.150765,0.839599
0.010000,8.568793,2.179084,9.431711,9.118421,-0.513272,-13.691523,0.850843
0.010000,8.628487,2.247927,9.522831,9.111974,-0.644732,-13.146017,0.862058
0.010000,8.687357,2.317375,9.613873,9.104245,-0.772914,-12.818233,0.873238
0.010000,8.745390,2.387406,9.704824,9.095111,-0.913359,-14.044442,0.884378
0.010000,8.802576,2.457997,9.795672,9.084767,-1.034449,-12.109001,0.895473
0.010000,8.858904,2.529125,9.886403,9.073109,-1.165816,-13.136739,0.906518
0.010000,8.914366,2.600767,9.977004,9.060126,-1.298260,-13.244324,0.917509
0.010000,8.968954,2.672900,10.067464,9.045998,-1.412777,-11.451718,0.928440
0.010000,9.022660,2.745499,10.157768,9.030437,-1.556078,-14.330123,0.939307
0.010000,9.075479,2.818540,10.247907,9.013844,-1.659332,-10.325405,0.950106
0.010000,9.127405,2.891999,10.337866,8.995867,-1.797740,-13.840782,0.960833
0.010000,9.178435,2.965853,10.427634,8.976837,-1.902975,-10.523559,0.971484
0.010000,9.228564,3.040075,10.517199,8.956483,-2.035390,-13.241493,0.982055
0.010000,9.277792,3.114642,10.606550,8.935127,-2.135622,-10.023194,0.992542
0.010000,9.326115,3.189529,10.695674,8.912423,-2.270364,-13.474193,1.002941
0.010000,9.373534,3.264713,10.784563,8.888833,-2.359007,-8.864250,1.013251
0.010000,9.420048,3.340167,10.873201,8.863878,-2.495526,-13.651948,1.023467
0.010000,9.465659,3.415868,10.961582,8.838030,-2.584828,-8.930206,1.033586
0.010000,9.510368,3.491793,11.049693,8.811103,-2.692642,-10.781409,1.043607
0.010000,9.554178,3.567916,11.137522,8.782928,-2.817534,-12.489184,1.053526
0.010000,9.597093,3.644214,11.225061,8.753939,-2.898852,-8.131747,1.063341
0.010000,9.639116,3.720665,11.312301,8.723923,-3.001589,-10.273755,1.073050
0.010000,9.680252,3.797243,11.399228,8.692744,-3.117915,-11.632585,1.082650
0.010000,9.720506,3.873927,11.485835,8.660675,-3.206942,-8.902647,1.092141
0.010000,9.759884,3.950693,11.572112,8.627697,-3.297814,-9.087210,1.101521
0.010000,9.798392,4.027520,11.658049,8.593762,-3.393424,-9.561036,1.110788
0.010000,9.836038,4.104385,11.743638,8.558889,-3.487295,-9.387149,1.119941
0.010000,9.872828,4.181267,11.828869,8.523095,-3.579416,-9.212096,1.128978
0.010000,9.908772,4.258143,11.913733,8.486398,-3.669777,-9.036052,1.137900
0.010000,9.943876,4.334993,11.998221,8.448814,-3.758369,-8.859179,1.146704
0.010000,9.978151,4.411796,12.082325,8.410362,-3.845185,-8.681637,1.155391
0.010000,10.011604,4.488532,12.166036,8.371060,-3.930221,-8.503578,1.163960
0.010000,10.044246,4.565180,12.249345,8.330925,-4.013472,-8.325148,1.172411
0.010000,10.076086,4.641721,12.332245,8.289976,-4.094937,-8.146491,1.180742
0.010000,10.107135,4.718136,12.414727,8.248230,-4.174615,-7.967743,1.188955
0.010000,10.137403,4.794407,12.496784,8.205704,-4.252505,-7.789039,1.197049
0.010000,10.166901,4.870515,12.578408,8.162418,-4.328610,-7.610509,1.205024
0.010000,10.195638,4.946439,12.659589,8.118115,-4.430372,-10.176151,1.212880
0.010000,10.223628,5.022164,12.740321,8.073219,-4.489583,-5.921122,1.220618
0.010000,10.250880,5.097674,12.820598,8.027692,-4.552711,-6.312825,1.228239
0.010000,10.277405,5.172948,12.900409,7.981118,-4.657410,-10.469924,1.235741
0.010000,10.303217,5.247972,12.979749,7.933982,-4.713538,-5.612750,1.243127
0.010000,10.328325,5.322730,13.058611,7.886141,-4.784126,-7.058855,1.250396
0.010000,10.352742,5.397203,13.136984,7.837371,-4.877034,-9.290720,1.257550
0.010000,10.376480,5.471378,13.214865,7.788103,-4.926765,-4.973155,1.264588
0.010000,10.399549,5.545239,13.292245,7.737968,-5.013484,-8.671896,1.271513
0.010000,10.421963,5.618770,13.369116,7.687094,-5.087378,-7.389349,1.278324
0.010000,10.443733,5.691958,13.445474,7.635749,-5.134486,-4.710835,1.285022
0.010000,10.464870,5.764786,13.521307,7.583345,-5.240403,-10.591659,1.291609
0.010000,10.485387,5.837241,13.596611,7.530400,-5.294571,-5.416845,1.298086
0.010000,10.505296,5.909310,13.671380,7.476848,-5.355164,-6.059313,1.304453
0.010000,10.524608,5.980980,13.745605,7.422562,-5.428639,-7.347476,1.310711
0.010000,10.543335,6.052235,13.819281,7.367550,-5.501221,-7.258200,1.316862
0.010000,10.561489,6.123064,13.892398,7.311783,-5.576668,-7.544678,1.322907
0.010000,10.579081,6.193452,13.964952,7.255322,-5.646062,-6.939455,1.328846
0.010000,10.596124,6.263388,14.036934,7.198256,-5.706648,-6.058619,1.334681
0.010000,10.612628,6.332859,14.108339,7.140504,-5.775219,-6.857094,1.340413
0.010000,10.628605,6.401853,14.179159,7.081951,-5.855233,-8.001388,1.346043
0.010000,10.644067,6.470357,14.249386,7.022764,-5.918761,-6.352796,1.351572
0.010000,10.659025,6.538361,14.319016,6.962940,-5.982350,-6.358916,1.357001
0.010000,10.673490,6.605853,14.388041,6.902470,-6.046976,-6.462577,1.362332
0.010000,10.687473,6.672823,14.456454,6.841365,-6.110517,-6.354065,1.367566
0.010000,10.700985,6.739256,14.524248,6.779347,-6.201788,-9.127121,1.372703
0.010000,10.714037,6.805142,14.591415,6.716694,-6.265282,-6.349399,1.377746
0.010000,10.726641,6.870474,14.657951,6.653666,-6.302798,-3.751623,1.382694
0.010000,10.738805,6.935236,14.723846,6.589442,-6.422425,-11.962669,1.387550
0.010000,10.750542,6.999422,14.789096,6.525006,-6.443654,-2.122924,1.392314
0.010000,10.761861,7.063018,14.853691,6.459527,-6.547873,-10.421918,1.396988
0.010000,10.772774,7.126017,14.917628,6.393730,-6.579712,-3.183896,1.401572
0.010000,10.783288,7.188405,14.980896,6.326726,-6.700384,-12.067143,1.406068
0.010000,10.793417,7.250175,15.043491,6.259568,-6.715806,-1.542235,1.410477
0.010000,10.803168,7.311317,15.105406,6.191461,-6.810665,-9.485893,1.414800
0.010000,10.812552,7.371819,15.166631,6.122493,-6.896802,-8.613727,1.419038
0.010000,10.821578,7.431673,15.227162,6.053123,-6.937044,-4.024128,1.423191
0.010000,10.830257,7.490870,15.286992,5.983006,-7.011650,-7.460667,1.427262
0.010000,10.838597,7.549401,15.346114,5.912152,-7.085436,-7.378591,1.431251
0.010000,10.846607,7.607255,15.404519,5.840568,-7.158369,-7.293278,1.435159
0.010000,10.854298,7.664422,15.462202,5.768264,-7.230417,-7.204827,1.438987
0.010000,10.861677,7.720895,15.519154,5.695249,-7.301551,-7.113335,1.442735
0.010000,10.868754,7.776663,15.575370,5.621531,-7.371740,-7.018903,1.446406
0.010000,10.875537,7.831718,15.630841,5.547122,-7.440956,-6.921632,1.450000
0.010000,10.882035,7.886051,15.685561,5.472030,-7.509172,-6.821623,1.453517
0.010000,10.888257,7.939653,15.739524,5.396266,-7.576362,-6.718979,1.456959
0.010000,10.894211,7.992518,15.792722,5.319841,-7.642500,-6.613801,1.460326
0.010000,10.899905,8.044633,15.845147,5.242505,-7.733613,-9.111284,1.463620
0.010000,10.905346,8.095989,15.896791,5.164409,-7.809612,-7.599886,1.466841
0.010000,10.910544,8.146583,15.947651,5.085973,-7.843579,-3.396741,1.469990
0.010000,10.915506,8.196400,15.997715,5.006370,-7.960319,-11.673981,1.473067
0.010000,10.920239,8.245435,16.046978,4.926345,-8.002463,-4.214404,1.476074
0.010000,10.924751,8.293679,16.095433,4.845448,-8.089771,-8.730798,1.479012
0.010000,10.929049,8.341125,16.143072,4.763965,-8.148235,-5.846412,1.481880
0.010000,10.933141,8.387760,16.189887,4.681458,-8.250712,-10.247719,1.484680
0.010000,10.937033,8.433582,16.235874,4.598666,-8.279214,-2.850137,1.487413
0.010000,10.940734,8.478577,16.281021,4.514738,-8.392834,-11.362001,1.490078
0.010000,10.944248,8.522739,16.325322,4.430140,-8.459820,-6.698678,1.492677
0.010000,10.947584,8.566061,16.368772,4.344991,-8.514839,-5.501833,1.495210
0.010000,10.950748,8.608534,16.411363,4.259048,-8.594313,-7.947401,1.497678
0.010000,10.953746,8.650156,16.453093,4.173039,-8.600860,-0.654781,1.500082
0.010000,10.956587,8.690936,16.493972,4.087824,-8.521553,7.930745,1.502423
0.010000,10.959276,8.730880,16.534007,4.003540,-8.428379,9.317452,1.504703
0.010000,10.961822,8.770000,16.573209,3.920196,-8.334382,9.399671,1.506923
0.010000,10.964230,8.808302,16.611587,3.837800,-8.239595,9.478684,1.509084
0.010000,10.966508,8.845797,16.649150,3.756360,-8.144050,9.554453,1.511189
0.010000,10.968660,8.882492,16.685909,3.675882,-8.047781,9.626946,1.513237
0.010000,10.970693,8.918399,16.721873,3.596374,-7.950820,9.696138,1.515231
0.010000,10.972612,8.953525,16.757051,3.517842,-7.853199,9.762013,1.517172
0.010000,10.974424,8.987875,16.791450,3.439827,-7.801525,5.167478,1.519061
0.010000,10.976132,9.021462,16.825080,3.363065,-7.676175,12.535009,1.520898
0.010000,10.977742,9.054297,16.857955,3.287415,-7.564947,11.122772,1.522686
0.010000,10.979259,9.086382,16.890075,3.212069,-7.534676,3.027127,1.524425
0.010000,10.980687,9.117732,16.921457,3.138215,-7.385407,14.926901,1.526117
0.010000,10.982031,9.148351,16.952107,3.064928,-7.328628,5.677864,1.527762
0.010000,10.983294,9.178252,16.982034,2.992739,-7.218895,10.973286,1.529361
0.010000,10.984482,9.207440,17.011246,2.921232,-7.150765,6.813030,1.530916
0.010000,10.985597,9.235929,17.039757,2.851035,-7.019709,13.105570,1.532427
0.010000,10.986643,9.263719,17.067567,2.781028,-7.000646,1.906324,1.533895
0.010000,10.987625,9.290827,17.094693,2.712586,-6.844186,15.646004,1.535322
0.010000,10.988544,9.317261,17.121142,2.644917,-6.766921,7.726456,1.536708
0.010000,10.989406,9.343023,17.146918,2.577636,-6.728152,3.876931,1.538054
0.010000,10.990211,9.368127,17.172036,2.511740,-6.589552,13.860007,1.539361
0.010000,10.990965,9.392582,17.196503,2.446682,-6.505824,8.372796,1.540630
0.010000,10.991669,9.416397,17.220327,2.382466,-6.421552,8.427223,1.541861
0.010000,10.992326,9.439578,17.243518,2.319096,-6.337025,8.452630,1.543056
0.010000,10.992939,9.462134,17.266082,2.256381,-6.271503,6.552235,1.544214
0.010000,10.993510,9.484074,17.288030,2.194787,-6.159376,11.212703,1.545338
0.010000,10.994041,9.505408,17.309370,2.134055,-6.073238,8.613831,1.546427
0.010000,10.994536,9.526144,17.330112,2.074188,-5.986670,8.656790,1.547482
0.010000,10.994995,9.546291,17.350264,2.015191,-5.899694,8.697534,1.548505
0.010000,10.995422,9.565857,17.369835,1.957068,-5.812334,8.736083,1.549495
0.010000,10.995817,9.584851,17.388833,1.899822,-5.724609,8.772460,1.550454
0.010000,10.996184,9.603281,17.407267,1.843360,-5.646180,7.842888,1.551382
0.010000,10.996523,9.621155,17.425144,1.787696,-5.566424,7.975652,1.552280
0.010000,10.996836,9.638482,17.442474,1.733045,-5.465100,10.132369,1.553148
0.010000,10.997125,9.655273,17.459267,1.679284,-5.376042,8.905765,1.553987
0.010000,10.997392,9.671534,17.475531,1.626417,-5.286725,8.931742,1.554798
0.010000,10.997638,9.687277,17.491276,1.574445,-5.197168,8.955705,1.555582
0.010000,10.997864,9.702504,17.506504,1.522846,-5.159932,3.723622,1.556338
0.010000,10.998071,9.717228,17.521230,1.472595,-5.025137,13.479428,1.557067
0.010000,10.998262,9.731460,17.535463,1.423271,-4.932348,9.278906,1.557771
0.010000,10.998436,9.745203,17.549207,1.374443,-4.882822,4.952659,1.558449
0.010000,10.998596,9.758468,17.562473,1.326586,-4.785696,9.712587,1.559103
0.010000,10.998741,9.771266,17.575272,1.279931,-4.665509,12.018691,1.559732
0.010000,10.998874,9.783600,17.587607,1.233455,-4.647554,1.795474,1.560338
0.010000,10.998995,9.795484,17.599491,1.188455,-4.500063,14.749134,1.560920
0.010000,10.999105,9.806924,17.610931,1.144003,-4.445143,5.492026,1.561480
0.010000,10.999204,9.817928,17.621936,1.100441,-4.356242,8.890097,1.562018
0.010000,10.999294,9.828506,17.632514,1.057844,-4.259702,9.653990,1.562534
0.010000,10.999376,9.838664,17.642673,1.015904,-4.193949,6.575263,1.563029
0.010000,10.999449,9.848414,17.652423,0.974998,-4.090683,10.326568,1.563503
0.010000,10.999515,9.857763,17.661772,0.934858,-4.013981,7.670260,1.563957
0.010000,10.999574,9.866717,17.670727,0.895483,-3.937527,7.645330,1.564391
0.010000,10.999628,9.875290,17.679300,0.857311,-3.817135,12.039260,1.564807
0.010000,10.999675,9.883483,17.687493,0.819315,-3.799663,1.747227,1.565204
0.010000,10.999717,9.891312,17.695322,0.782881,-3.643318,15.634431,1.565582
0.010000,10.999755,9.898781,17.702791,0.746898,-3.598292,4.502590,1.565943
0.010000,10.999788,9.905898,17.709908,0.711723,-3.517503,8.078971,1.566286
0.010000,10.999818,9.912675,17.716686,0.677750,-3.397363,12.013927,1.566613
0.010000,10.999844,9.919118,17.723128,0.644291,-3.345853,5.151050,1.566924
0.010000,10.999866,9.925234,17.729245,0.611631,-3.266052,7.980128,1.567218
0.010000,10.999886,9.931036,17.735046,0.580133,-3.149758,11.629400,1.567497
0.010000,10.999904,9.936530,17.740541,0.549454,-3.067927,8.183051,1.567761
0.010000,10.999919,9.941721,17.745732,0.519131,-3.032336,3.559102,1.568010
0.010000,10.999932,9.946622,17.750633,0.490067,-2.906312,12.602456,1.568245
0.010000,10.999943,9.951241,17.755251,0.461882,-2.818510,8.780190,1.568467
0.010000,10.999953,9.955586,17.759597,0.434522,-2.736050,8.245934,1.568675
0.010000,10.999961,9.959664,17.763675,0.407825,-2.669731,6.631975,1.568870
0.010000,10.999968,9.963483,17.767494,0.381899,-2.592603,7.712730,1.569053
0.010000,10.999974,9.967054,17.771064,0.357045,-2.485309,10.729433,1.569224
0.010000,10.999979,9.970384,17.774395,0.333022,-2.402373,8.293584,1.569383
0.010000,10.999983,9.973482,17.777493,0.309829,-2.319319,8.305377,1.569531
0.010000,10.999987,9.976357,17.780368,0.287467,-2.236156,8.316368,1.569669
0.010000,10.999990,9.979016,17.783027,0.265937,-2.152963,8.319220,1.569796
0.010000,10.999992,9.981466,17.785477,0.244998,-2.093969,5.899466,1.569913
0.010000,10.999994,9.983718,17.787728,0.225157,-1.984098,10.987060,1.570020
0.010000,10.999995,9.985779,17.789790,0.206150,-1.900652,8.344567,1.570118
0.010000,10.999996,9.987659,17.791670,0.187979,-1.817133,8.351948,1.570208
0.010000,10.999997,9.989366,17.793376,0.170643,-1.733546,8.358694,1.570290
0.010000,10.999998,9.990907,17.794918,0.154144,-1.649898,8.364834,1.570363
0.010000,10.999999,9.992292,17.796302,0.138482,-1.566194,8.370396,1.570429
0.010000,10.999999,9.993528,17.797539,0.123658,-1.482440,8.375408,1.570488
0.010000,10.999999,9.994625,17.798636,0.109672,-1.398641,8.379899,1.570540
0.010000,11.000000,9.995590,17.799601,0.096524,-1.314802,8.383897,1.570586
0.010000,11.000000,9.996433,17.800443,0.084214,-1.230927,8.387430,1.570626
0.010000,11.000000,9.997160,17.801171,0.072744,-1.147022,8.390528,1.570661
0.010000,11.000000,9.997781,17.801792,0.062113,-1.063090,8.393218,1.570691
0.010000,11.000000,9.998304,17.802315,0.052322,-0.979135,8.395530,1.570716
0.010000,11.000000,9.998738,17.802749,0.043370,-0.895160,8.397492,1.570736
0.010000,11.000000,9.999091,17.803101,0.035259,-0.811168,8.399132,1.570753
0.010000,11.000000,9.999371,17.803381,0.027987,-0.727164,8.400480,1.570766
0.010000,11.000000,9.999586,17.803597,0.021555,-0.643148,8.401564,1.570777
0.010000,11.000000,9.999746,17.803756,0.015964,-0.559124,8.402414,1.570784
0.010000,11.000000,9.999858,17.803868,0.011213,-0.475093,8.403057,1.570790
0.010000,11.000000,9.999931,17.803941,0.007303,-0.391058,8.403522,1.570793
0.010000,11.000000,9.999973,17.803984,0.004233,-0.307020,8.403840,1.570795
0.010000,11.000000,9.999993,17.804004,0.002003,-0.222979,8.404037,1.570796
0.010000,11.000000,9.999999,17.804010,0.000613,-0.138938,8.404144,1.570796
0.010000,11.000000,10.000000,17.804011,0.000064,-0.054896,8.404188,1.570796
0.010000,11.000000,10.000000,17.804011,0.000000,-0.006437,4.845847,1.570796
